Open,High,Low,Close,Adj Close,Output
-1.104550546,-1.103639854,-1.103311839,-1.100806056,-1.460681595,0
-1.098880837,-1.094481018,-1.097054617,-1.090832857,-1.404481685,1
-1.089937536,-1.095261261,-1.094458908,-1.098988201,-1.446811772,0
-1.097685041,-1.102451407,-1.09677864,-1.099555067,-1.431253596,0
-1.098284603,-1.100281155,-1.095300347,-1.100175385,-1.41510777,0
-1.099073495,-1.089636574,-1.09604871,-1.087127609,-1.390086924,1
-1.085315637,-1.089830369,-1.084723205,-1.090923836,-1.411483347,0
-1.089127148,-1.088826031,-1.086561342,-1.089727659,-1.40608648,1
-1.088100188,-1.091365319,-1.08460915,-1.090595298,-1.417990313,0
-1.089056288,-1.09243148,-1.106333415,-1.110268259,-1.319947268,0
-1.108943345,-1.112879346,-1.106924452,-1.111303633,-1.395838692,0
-1.109715377,-1.113733001,-1.10824564,-1.112741381,-1.437446705,0
-1.111268479,-1.115165023,-1.11474413,-1.119043527,-1.442896997,0
-1.117170242,-1.112834418,-1.114275913,-1.110716185,-1.390367174,1
-1.109212448,-1.113332652,-1.110897482,-1.114967969,-1.396545549,0
-1.113308204,-1.114470917,-1.110041484,-1.113802531,-1.40466388,1
-1.112373655,-1.11694812,-1.110613589,-1.11404086,-1.40309339,0
-1.112461751,-1.116765234,-1.109710574,-1.113508117,-1.425873354,1
-1.112206662,-1.11093689,-1.10886275,-1.109478111,-1.373800439,1
-1.108046686,-1.111777769,-1.113031248,-1.116433123,-1.393733167,0
-1.114854935,-1.119039356,-1.114673604,-1.118388673,-1.426092085,0
-1.116819397,-1.120008454,-1.115952184,-1.117791732,-1.410659577,1
-1.116124436,-1.120891468,-1.117023413,-1.120844957,-1.406970772,0
-1.119261605,-1.121709936,-1.116928678,-1.120575997,-1.417025646,1
-1.118593402,-1.122513113,-1.117122098,-1.121759993,-1.418441003,0
-1.120143801,-1.121579028,-1.117410494,-1.121742313,-1.427563519,1
-1.119999701,-1.123998004,-1.118975625,-1.122830243,-1.402463364,0
-1.121199094,-1.125347397,-1.12585505,-1.128426287,-1.329798793,0
-1.126894613,-1.130554471,-1.127647129,-1.128448051,-1.381905463,0
-1.127095935,-1.128317213,-1.125134974,-1.126923785,-1.37978829,1
-1.125343856,-1.128453164,-1.124430287,-1.128378532,-1.38622162,0
-1.126612659,-1.128269161,-1.125340185,-1.126343753,-1.407625527,1
-1.124907116,-1.127103545,-1.122941347,-1.124486866,-1.426521682,1
-1.123141434,-1.127207311,-1.123915109,-1.127563467,-1.427840124,0
-1.125753176,-1.129672784,-1.124079522,-1.127178003,-1.411323951,1
-1.125741756,-1.128540907,-1.123116462,-1.125624933,-1.415343574,1
-1.123850946,-1.128154242,-1.124763431,-1.128257442,-1.400978036,0
-1.126552395,-1.129622691,-1.125242276,-1.129302435,-1.427279388,0
-1.127566593,-1.115307101,-1.125375854,-1.114031778,-1.278606169,1
-1.112146702,-1.116310584,-1.11026262,-1.113829471,-1.364439915,1
-1.112103657,-1.115403239,-1.11074534,-1.112629354,-1.35752644,1
-1.110710226,-1.115359464,-1.109157125,-1.113819082,-1.355864192,0
-1.112530087,-1.116243891,-1.110344088,-1.113962832,-1.345478277,0
-1.112367999,-1.116516475,-1.111616764,-1.114622755,-1.346788348,0
-1.113056552,-1.11643355,-1.110668873,-1.114572044,-1.354452408,1
-1.112921598,-1.116053395,-1.110558987,-1.115875643,-1.366768786,0
-1.114576381,-1.117058239,-1.111305838,-1.115314186,-1.375271149,1
-1.113497194,-1.115569317,-1.111125759,-1.113053546,-1.315402302,1
-1.111573254,-1.101930501,-1.108263834,-1.099612424,-1.159704894,1
-1.098241593,-1.098225073,-1.094381038,-1.100171982,-1.163972879,0
-1.098601871,-1.100337446,-1.096049522,-1.096954157,-1.230279918,1
-1.095334527,-1.099588691,-1.094750699,-1.099463175,-1.279706496,0
-1.09796227,-1.099244649,-1.094270083,-1.096775459,-1.277316056,1
-1.095547662,-1.091409042,-1.093436062,-1.089065587,-1.218215896,1
-1.087308039,-1.088979541,-1.103577981,-1.107936219,-1.11782719,0
-1.106507044,-1.105755665,-1.102950703,-1.104899832,-1.199662717,1
-1.103517627,-1.107858177,-1.102425487,-1.108630516,-1.278299188,0
-1.10682535,-1.111007161,-1.108128595,-1.10978175,-1.260655047,0
-1.10830983,-1.109082352,-1.104103622,-1.1087036,-1.253629049,1
-1.107150726,-1.108135491,-1.103659633,-1.107573343,-1.29116793,1
-1.106202377,-1.109931505,-1.103999309,-1.107276672,-1.295507716,1
-1.105788511,-1.109868844,-1.104146468,-1.108696023,-1.313671598,0
-1.107197244,-1.110641319,-1.109932725,-1.112495618,-1.217090402,0
-1.110994848,-1.107270577,-1.108363534,-1.104592378,-1.154946599,1
-1.102947722,-1.106200192,-1.10053177,-1.104620537,-1.209404871,0
-1.103045949,-1.105889819,-1.099474159,-1.102699522,-1.184044575,1
-1.100997615,-1.102549745,-1.098178344,-1.101987132,-1.123971534,1
-1.100754536,-1.10061949,-1.097181626,-1.098530871,-1.115584892,1
-1.096769303,-1.101776362,-1.095374139,-1.098690133,-1.17295129,0
-1.096968727,-1.10102525,-1.098764472,-1.105611469,-1.161289782,0
-1.104086672,-1.105039881,-1.102234687,-1.102367939,-1.170796825,1
-1.100544605,-1.108814132,-1.099576959,-1.10612114,-1.19756058,0
-1.104657454,-1.106402156,-1.100630325,-1.104757927,-1.142962865,1
-1.103010116,-1.106068377,-1.100008159,-1.103557326,-1.202511226,1
-1.101788207,-1.100593082,-1.098249091,-1.098716053,-1.178080962,1
-1.097170872,-1.101824029,-1.095707448,-1.099819781,-1.264147094,0
-1.09795699,-1.100594024,-1.095154387,-1.098823475,-1.187339682,1
-1.09725308,-1.099633077,-1.094135859,-1.096809672,-1.2036473,1
-1.095213373,-1.098020805,-1.093438793,-1.094822004,-1.156973619,1
-1.093403284,-1.096571695,-1.091812196,-1.096776874,-1.118758246,0
-1.095225812,-1.099363687,-1.09206782,-1.098494042,-1.206482073,0
-1.096963232,-1.100495512,-1.093533381,-1.097785271,-1.189008389,1
-1.096222183,-1.100943232,-1.094120469,-1.098458235,-1.211942894,0
-1.096749883,-1.10064246,-1.097919528,-1.10189078,-1.147565198,0
-1.0999236,-1.103969356,-1.098097023,-1.10062023,-1.128913453,1
-1.099036141,-1.097443503,-1.095520911,-1.093935575,-1.116209699,1
-1.092330272,-1.09519544,-1.089320505,-1.093202496,-1.194961971,1
-1.09166683,-1.095216647,-1.090153031,-1.091378174,-1.110133857,1
-1.090134061,-1.084117783,-1.088352592,-1.090931681,-1.174175132,1
-1.089404932,-1.093781537,-1.085593743,-1.09059417,-1.21041124,1
-1.089023766,-1.092578114,-1.085335204,-1.088455533,-1.152226577,1
-1.086938848,-1.052481006,-1.082852573,-1.049157993,-0.55643112,1
-1.047607075,-1.031180742,-1.042455215,-1.044992567,-0.476051966,1
-1.04353235,-1.044858708,-1.043771956,-1.045662288,-0.716778189,0
-1.044098872,-1.042441443,-1.039207871,-1.038466099,-0.790341205,1
-1.036907221,-1.034130415,-1.033815984,-1.037164023,-0.785349147,1
-1.035445096,-1.032473705,-1.030442406,-1.029321507,-0.800114836,1
-1.02774862,-1.028162909,-1.025061572,-1.024785251,-0.774989754,1
-1.023235329,-1.030067087,-1.024679086,-1.02942832,-0.905707108,0
-1.027928177,-1.023535352,-1.022504613,-1.02364919,-0.866156192,1
-1.02208657,-1.027194125,-1.033392257,-1.037311785,-0.806837064,0
-1.035906089,-1.040845246,-1.036533185,-1.036368859,-0.963312606,1
-1.034856577,-1.039307609,-1.030693435,-1.035973435,-1.116803967,1
-1.034469273,-1.036262041,-1.031195217,-1.032111558,-1.140268118,1
-1.030598232,-1.035859544,-1.033294514,-1.038133334,-1.039033906,0
-1.036596987,-1.032622991,-1.031519595,-1.027437087,-1.072423465,1
-1.025852118,-1.030415737,-1.020746154,-1.026383263,-1.027888218,1
-1.024868365,-1.0266573,-1.018869691,-1.022731198,-0.981239981,1
-1.021197214,-1.026077188,-1.018789238,-1.022490505,-0.95303345,1
-1.020931046,-1.024831195,-1.015242869,-1.020566839,-0.986100708,1
-1.019141756,-1.024752301,-1.017484177,-1.021794111,-0.955428153,0
-1.02039275,-1.020977841,-1.016032862,-1.016745731,-0.907641508,1
-1.015210469,-1.008300705,-1.009336893,-1.005897387,-0.836094937,1
-1.004427727,-1.007441499,-1.006060375,-1.011178275,-0.769419881,0
-1.009553234,-1.012274249,-1.0196156,-1.025454757,-0.862589342,0
-1.023924526,-1.0213411,-1.019762575,-1.022103428,-0.783437551,1
-1.020556933,-1.025672981,-1.017056963,-1.022679197,-0.984924863,0
-1.020943092,-1.024781834,-1.015935912,-1.021777291,-1.000924083,1
-1.020267103,-1.026188826,-1.018336152,-1.024190011,-0.951720459,0
-1.022646881,-1.025486883,-1.020357377,-1.020781756,-0.950025334,1
-1.019298618,-1.023636168,-1.013290695,-1.018240942,-0.961725367,1
-1.016719881,-1.016536033,-1.010926141,-1.011988647,-0.908456806,1
-1.010440854,-0.996916689,-1.004946391,-1.000644335,-0.69909799,1
-0.999071115,-1.000115122,-0.999323773,-0.997142182,-0.760700813,1
-0.995628061,-1.002993233,-0.995733561,-0.998574985,-0.906778019,0
-0.997267022,-1.002905263,-0.997460466,-0.999998259,-0.853666981,0
-0.998543969,-0.991666747,-0.992194315,-0.99457629,-0.728310718,1
-0.991995571,-0.990507292,-0.988118689,-0.984605491,-0.870666619,1
-0.983059519,-0.979812267,-0.975717102,-0.973712616,-0.791316326,1
-0.97211204,-0.966188339,-0.965270568,-0.961877353,-0.647844852,1
-0.960339692,-0.916299205,-0.952524618,-0.915259005,-0.136307638,1
-0.91387596,-0.906810308,-0.926848967,-0.928653858,-0.196613202,0
-0.92725609,-0.875718874,-0.922434515,-0.879558646,-0.142148678,1
-0.878546424,-0.862653135,-0.872584,-0.86750628,0.047228736,1
-0.866332415,-0.862249173,-0.861166675,-0.853322765,-0.146523807,1
-0.852524083,-0.85660972,-0.866819961,-0.869885449,0.124672761,0
-0.868325157,-0.876403048,-0.905272525,-0.898286657,-0.035568914,0
-0.896974454,-0.901003154,-0.892324483,-0.902479705,-0.517670528,0
-0.901222579,-0.855502837,-0.891346421,-0.849450534,-0.267257468,1
-0.848092749,-0.859058106,-0.867342982,-0.862027814,-0.380902541,0
-0.860635481,-0.866051106,-0.857729472,-0.862116053,-0.307566094,0
-0.861110005,-0.870004786,-0.868612041,-0.876959365,-0.325482249,0
-0.87568346,-0.871120536,-0.87266593,-0.865272168,-0.340074073,1
-0.863840986,-0.86149169,-0.856270462,-0.860985616,-0.264507865,1
-0.859314254,-0.863091308,-0.849680816,-0.857189156,-0.467149294,1
-0.855627602,-0.831378256,-0.852100432,-0.821846263,-0.22379788,1
-0.820389707,-0.817400494,-0.808910864,-0.812415318,-0.148009534,1
-0.811217539,-0.823093637,-0.808790479,-0.816442781,-0.35214421,0
-0.815146606,-0.824808174,-0.816956161,-0.818835241,-0.391145859,0
-0.817325814,-0.808955645,-0.830567538,-0.837784581,-0.066702097,0
-0.836344672,-0.833904698,-0.834518868,-0.824168398,-0.286844112,1
-0.822825042,-0.831702033,-0.816038919,-0.824777073,-0.447045085,0
-0.82331034,-0.821269836,-0.81127538,-0.814279675,-0.570539278,1
-0.812976061,-0.825072991,-0.83361052,-0.846308462,-0.476356363,0
-0.844793814,-0.856053486,-0.873039521,-0.876672475,-0.335618798,0
-0.875446735,-0.874930777,-0.867229314,-0.869465574,-0.492200964,1
-0.868313451,-0.872653688,-0.872443687,-0.86991067,-0.619784733,0
-0.868213112,-0.863452438,-0.859427739,-0.858558548,-0.641615535,1
-0.857562461,-0.866253541,-0.858153033,-0.863732784,-0.786317724,0
-0.862575817,-0.871918023,-0.872856103,-0.878536653,-0.780373479,0
-0.876869125,-0.866128323,-0.872583336,-0.859384325,-0.662819619,1
-0.857748426,-0.867384266,-0.861577467,-0.864739515,-0.752951138,0
-0.86345685,-0.857739572,-0.856252378,-0.851023809,-0.643796563,1
-0.849676905,-0.850943736,-0.841573666,-0.845623121,-0.662987253,1
-0.844233557,-0.825011237,-0.835163823,-0.815314744,-0.590794214,1
-0.814178014,-0.816500585,-0.805889952,-0.806810855,-0.672251025,1
-0.805264443,-0.78942654,-0.794031425,-0.797808059,-0.394211907,1
-0.796771306,-0.782699089,-0.783661247,-0.776642986,-0.825914424,1
-0.774415605,-0.786642402,-0.781219119,-0.791686312,-0.811721409,0
-0.790490274,-0.794157007,-0.777638171,-0.784163287,-0.834508182,1
-0.782840191,-0.779778041,-0.774227133,-0.771818442,-0.71081398,1
-0.770628114,-0.750420064,-0.75824135,-0.737785329,-0.560141917,1
-0.734667729,-0.693594551,-0.723721183,-0.705704703,-0.042519831,1
-0.70470508,-0.68837264,-0.697084262,-0.697221878,-0.540146135,1
-0.696034927,-0.698553181,-0.694159747,-0.687738019,-0.63458762,1
-0.68669029,-0.655281291,-0.670172029,-0.640147834,-0.31933434,1
-0.639625456,-0.542369211,-0.623127418,-0.569673634,0.801278621,1
-0.568411748,-0.569864848,-0.697418476,-0.674477296,0.520939864,0
-0.674408875,-0.61875235,-0.672199453,-0.604846642,0.245943477,1
-0.604019068,-0.621245174,-0.638070851,-0.630736485,-0.040336844,0
-0.631090115,-0.633698546,-0.680230837,-0.696679051,-0.188049416,0
-0.696567013,-0.688696034,-0.719926959,-0.707833595,-0.064069289,0
-0.706222868,-0.702347539,-0.740960636,-0.692828029,0.033467727,1
-0.690550842,-0.639553979,-0.674152108,-0.624379042,0.023466667,1
-0.62248948,-0.63739488,-0.652481004,-0.667979918,-0.249547863,0
-0.667347721,-0.666940142,-0.66969145,-0.678611769,-0.359351957,0
-0.677106959,-0.656124892,-0.66029199,-0.665178296,-0.513819894,1
-0.663392593,-0.661051058,-0.650306402,-0.651162873,-0.610956145,1
-0.650167787,-0.614525753,-0.635693344,-0.601651871,-0.378729099,1
-0.60059624,-0.588015377,-0.584610786,-0.581488226,-0.108172225,1
-0.580343571,-0.569308056,-0.61541364,-0.60880901,0.192942326,0
-0.608583602,-0.625352034,-0.649775852,-0.65644283,-0.092234213,0
-0.655450192,-0.64258286,-0.649570143,-0.632339173,-0.381786358,1
-0.631277118,-0.646195554,-0.667430047,-0.657061034,-0.521299097,0
-0.656474914,-0.668416498,-0.707946165,-0.723392235,-0.440526484,0
-0.721987036,-0.690579703,-0.72202096,-0.683322817,-0.27208584,1
-0.681961806,-0.686491973,-0.748283367,-0.76162746,-0.329725868,0
-0.760670454,-0.746740939,-0.76516388,-0.74977457,-0.308231998,1
-0.748283761,-0.70250379,-0.755578824,-0.697881353,-0.285788897,1
-0.697332565,-0.708958883,-0.705488758,-0.703885629,-0.532408726,0
-0.702887958,-0.687791132,-0.691377906,-0.690033284,-0.561769088,1
-0.688149157,-0.69961559,-0.695153825,-0.700441369,-0.735784708,0
-0.699284713,-0.710972901,-0.708143571,-0.713458407,-0.777546056,0
-0.711950945,-0.724840421,-0.722901112,-0.737844476,-0.689081976,0
-0.737300055,-0.752702459,-0.741772219,-0.745287037,-0.718472132,0
-0.744134327,-0.736336878,-0.732124055,-0.737942423,-0.805107551,1
-0.736553797,-0.750309683,-0.733230915,-0.737101958,-0.875430801,1
-0.73573863,-0.732606054,-0.748793987,-0.760365329,-0.743450806,0
-0.75820863,-0.766753389,-0.758372658,-0.755593198,-0.918019641,1
-0.754543457,-0.759884036,-0.74126503,-0.75019491,-0.904739132,1
-0.748681142,-0.748770142,-0.734946897,-0.742296686,-0.898943854,1
-0.741183553,-0.726314263,-0.726330713,-0.713046414,-0.736168129,1
-0.712247057,-0.703393122,-0.705013714,-0.692643026,-0.702967219,1
-0.691222607,-0.69183376,-0.677707776,-0.687336057,-0.687147629,1
-0.685996832,-0.676064698,-0.670437525,-0.669021938,-0.810790961,1
-0.667769552,-0.671725765,-0.663179896,-0.659410754,-0.741656917,1
-0.658730548,-0.61974934,-0.64134663,-0.609424348,-0.317054708,1
-0.607896659,-0.600110237,-0.621796468,-0.629727783,-0.332064767,0
-0.628750573,-0.611456517,-0.614015302,-0.600369391,-0.41289741,1
-0.598320702,-0.614249067,-0.603615932,-0.598895388,-0.57016989,1
-0.598478781,-0.614857245,-0.591493754,-0.598891734,-0.62705994,1
-0.597773654,-0.611950125,-0.612259795,-0.629909418,-0.63960867,0
-0.628943518,-0.634320688,-0.617006616,-0.618636722,-0.775827953,1
-0.617653248,-0.634549269,-0.614994692,-0.630436697,-0.904037353,0
-0.629078258,-0.643339121,-0.645005781,-0.659222886,-0.726061299,0
-0.65837802,-0.674239954,-0.694764475,-0.710400274,-0.532670901,0
-0.70989384,-0.702852667,-0.720225301,-0.696170974,-0.366310066,1
-0.694338154,-0.698202908,-0.710632458,-0.695446941,-0.527562537,1
-0.69511015,-0.704558721,-0.695774423,-0.704057878,-0.901200369,0
-0.702695728,-0.702580589,-0.693759104,-0.697583429,-0.946778916,1
-0.696070008,-0.676076148,-0.681707488,-0.661488846,-0.768517256,1
-0.6602759,-0.674408982,-0.661948738,-0.672550244,-0.82812923,0
-0.671296979,-0.683367931,-0.702157621,-0.708756315,-0.56953637,0
-0.707197045,-0.717806892,-0.710953459,-0.715270029,-0.717221757,0
-0.713564168,-0.711563276,-0.701136675,-0.69996833,-0.803531074,1
-0.698704803,-0.712937,-0.708742395,-0.714740099,-0.813548839,0
-0.713399216,-0.719614182,-0.70675302,-0.715239004,-0.886864634,0
-0.714650962,-0.706613931,-0.698998388,-0.699425216,-0.637648107,1
-0.698019579,-0.712153162,-0.702472127,-0.713510497,-0.853426796,0
-0.711138785,-0.718611815,-0.722668462,-0.73614549,-0.685236341,0
-0.734675712,-0.748667895,-0.739144679,-0.749326179,-0.714821159,0
-0.747617294,-0.752144235,-0.738303462,-0.742747012,-0.912371428,1
-0.741468425,-0.750842144,-0.730732618,-0.740786463,-1.036269404,1
-0.739475468,-0.743624716,-0.727502674,-0.733080872,-1.036789857,1
-0.731803154,-0.703624287,-0.713690607,-0.692710019,-0.693150852,1
-0.691483137,-0.683860072,-0.673277824,-0.677321049,-0.571025201,1
-0.676092832,-0.690046159,-0.675990725,-0.687177852,-0.737087016,0
-0.686279914,-0.698647923,-0.677986411,-0.692277248,-0.868263422,0
-0.690890197,-0.686177726,-0.690392537,-0.703512113,-0.579926012,0
-0.702189059,-0.705123752,-0.686459107,-0.693773104,-0.822323423,1
-0.692444069,-0.702972543,-0.68237503,-0.698213742,-0.915977243,0
-0.696870212,-0.711154426,-0.698892691,-0.707671879,-0.696124552,0
-0.706341786,-0.717657693,-0.709841284,-0.721116171,-0.850044871,0
-0.719417749,-0.728863012,-0.712857509,-0.716444029,-0.818942837,1
-0.715241181,-0.714433602,-0.704027976,-0.702433838,-0.824589918,1
-0.700853047,-0.714385359,-0.704656214,-0.714040929,-0.905181602,0
-0.71363476,-0.723810757,-0.701181404,-0.714236894,-0.941328736,0
-0.713035591,-0.725817234,-0.699966042,-0.71438772,-1.021031724,0
-0.713083631,-0.724633483,-0.703443472,-0.715019036,-0.840498389,0
-0.713561161,-0.730740956,-0.701969773,-0.720866325,-0.837691153,0
-0.719184353,-0.731406245,-0.704823689,-0.721932275,-0.786792625,0
-0.720499925,-0.729158199,-0.726693749,-0.720503198,-0.578927649,1
-0.719209769,-0.732351151,-0.710303337,-0.722972826,-0.867870592,0
-0.721553786,-0.735616539,-0.71720103,-0.732498279,-0.941732846,0
-0.730931106,-0.74213129,-0.721938403,-0.729397549,-0.954313763,1
-0.728234203,-0.742845311,-0.734421514,-0.747782961,-0.842007811,0
-0.746462271,-0.755868567,-0.816790236,-0.815334412,-0.289881198,0
-0.814966011,-0.818654656,-0.816963063,-0.8180809,-0.461004945,0
-0.816663894,-0.824945016,-0.840076274,-0.838731377,-0.599881065,0
-0.837686912,-0.838442853,-0.834468861,-0.82929452,-0.759627409,1
-0.827942817,-0.83762285,-0.823536986,-0.829660656,-0.889516717,0
-0.82826728,-0.839025513,-0.832273149,-0.838226882,-0.953044809,0
-0.836831509,-0.836259668,-0.842127133,-0.826754782,-0.719104959,1
-0.825021826,-0.826491433,-0.816576112,-0.823893689,-0.822928381,1
-0.822456333,-0.8319096,-0.816142217,-0.821415104,-0.94847297,1
-0.820170701,-0.830777234,-0.827102029,-0.8308669,-0.919813693,0
-0.829509397,-0.841115842,-0.823616517,-0.83374501,-0.949487294,0
-0.832105388,-0.843368216,-0.828688215,-0.837060764,-1.003181735,0
-0.835765263,-0.846580507,-0.835456776,-0.846726939,-0.948308294,0
-0.845269913,-0.836953337,-0.837681311,-0.829574675,-0.667762939,1
-0.82811543,-0.835264319,-0.816652764,-0.8278126,-0.801199853,1
-0.826364496,-0.814515506,-0.817724786,-0.805528876,-0.582201767,1
-0.804789919,-0.815495356,-0.799559972,-0.815277199,-0.702081016,0
-0.813973936,-0.818811431,-0.826165412,-0.83906939,-0.608155225,0
-0.838028987,-0.843826566,-0.826335176,-0.838210725,-0.890443821,1
-0.836797681,-0.840806202,-0.827294416,-0.838076308,-0.929110631,1
-0.836693548,-0.842506043,-0.824892847,-0.83467837,-0.853714379,1
-0.833359675,-0.842686311,-0.839570488,-0.850093386,-0.859762386,0
-0.8487309,-0.859890711,-0.853691452,-0.861354439,-0.81699365,0
-0.859926703,-0.867342306,-0.851475996,-0.859849985,-0.916457852,1
-0.858609484,-0.867206546,-0.860137352,-0.871264765,-0.850706639,0
-0.869811802,-0.874457067,-0.86065325,-0.870397001,-0.951215751,1
-0.868456173,-0.862220757,-0.860381775,-0.854267518,-0.853394338,1
-0.852689178,-0.86232454,-0.846220769,-0.855639741,-0.838313937,0
-0.854250961,-0.860952597,-0.849638892,-0.861887809,-0.781389395,0
-0.860588373,-0.86966914,-0.886000075,-0.895164038,-0.503947963,0
-0.894006246,-0.902520877,-0.887394132,-0.893630708,-0.80735786,1
-0.89235268,-0.83506335,-0.882974919,-0.826397064,-0.123856444,1
-0.824620399,-0.760968507,-0.812741883,-0.793111341,0.742170312,1
-0.791941015,-0.77621223,-0.78629233,-0.775565642,0.089051469,1
-0.773457537,-0.772692672,-0.779023961,-0.793630667,-0.004917953,0
-0.792712868,-0.790330463,-0.780661076,-0.784225373,-0.144081744,1
-0.783173209,-0.795716829,-0.78984977,-0.798403765,-0.187872297,0
-0.797228325,-0.801450675,-0.796071249,-0.800291301,-0.253391455,0
-0.79924548,-0.807199601,-0.790737894,-0.796881183,-0.376456861,1
-0.795596058,-0.801589053,-0.783045041,-0.793289752,-0.544100405,1
-0.791928737,-0.801420619,-0.789139898,-0.79813228,-0.549616378,0
-0.796757023,-0.791944987,-0.786295873,-0.786158407,-0.270399051,1
-0.784784607,-0.794821911,-0.780357604,-0.78973017,-0.267728003,0
-0.788470542,-0.796474765,-0.776269172,-0.787755471,-0.432992458,1
-0.786886636,-0.798503445,-0.780450827,-0.791535737,-0.453092528,0
-0.790305419,-0.80214965,-0.805727052,-0.816234814,-0.358741781,0
-0.814596086,-0.821996599,-0.803002636,-0.815735049,-0.730861267,1
-0.814422757,-0.810734693,-0.802233569,-0.802632818,-0.566801077,1
-0.801188536,-0.811964454,-0.809701005,-0.821974948,-0.589571287,0
-0.820482958,-0.826130652,-0.812042566,-0.818649128,-0.587099084,1
-0.81747881,-0.828155666,-0.807824486,-0.819116829,-0.738550529,0
-0.81752957,-0.828575512,-0.813123851,-0.825909408,-0.656538348,0
-0.824662138,-0.834717545,-0.826232653,-0.839061723,-0.510425423,0
-0.837715013,-0.843563739,-0.826879638,-0.835720067,-0.799589792,1
-0.834402403,-0.836528639,-0.825453326,-0.834808883,-0.682379986,1
-0.83364537,-0.842506776,-0.840965579,-0.851111259,-0.526419737,0
-0.84994309,-0.855569757,-0.850125524,-0.856199657,-0.551508519,0
-0.854936042,-0.863287669,-0.854861716,-0.866282661,-0.56872122,0
-0.865072865,-0.871356099,-0.878143105,-0.88787026,-0.472765017,0
-0.886391244,-0.893569712,-0.915519033,-0.904819931,0.178370266,0
-0.903397527,-0.905065296,-0.902112444,-0.899033797,-0.547286945,1
-0.897544555,-0.90694139,-0.909787729,-0.919505074,-0.032435576,0
-0.918500311,-0.914145553,-0.933930633,-0.915398223,0.630005242,1
-0.913999173,-0.913760092,-0.906061337,-0.91015119,-0.543091407,1
-0.908557865,-0.897490579,-0.913456475,-0.894542251,-0.39339971,1
-0.892812062,-0.892354473,-0.886938906,-0.897845,-0.660929334,0
-0.896198914,-0.889594772,-0.886479547,-0.88143221,-0.626264161,1
-0.879845279,-0.88625091,-0.883818978,-0.892307315,-0.765175365,0
-0.890758644,-0.900877728,-0.896945014,-0.900057079,-0.678900615,0
-0.89862938,-0.905781482,-0.900005193,-0.90672821,-0.770140152,0
-0.905168042,-0.911606369,-0.902385837,-0.908720536,-0.89806929,0
-0.907272542,-0.908130378,-0.90720108,-0.916049852,-0.536236425,0
-0.914527356,-0.89824656,-0.906238371,-0.906630192,-0.692937284,1
-0.905057107,-0.908863948,-0.897711277,-0.900390579,-0.729302336,1
-0.898933081,-0.906526083,-0.8902262,-0.899874405,-0.871336837,1
-0.898705735,-0.904095744,-0.893081224,-0.899540333,-0.873905638,1
-0.898240805,-0.90547823,-0.899520074,-0.908840193,-0.742426898,0
-0.907600943,-0.915973996,-0.907673725,-0.91518001,-0.721007005,0
-0.913777232,-0.92133816,-0.911369818,-0.920731917,-0.827479695,0
-0.919311433,-0.924936506,-0.912730181,-0.927481148,-0.710591014,0
-0.925933895,-0.928654274,-0.913265343,-0.921855726,-0.79524598,1
-0.920439107,-0.927680254,-0.920891397,-0.929836027,-0.794649831,0
-0.92839393,-0.934322876,-0.930477044,-0.928922729,-0.809533499,1
-0.927382739,-0.935394292,-0.932255026,-0.938587399,-0.627148715,0
-0.937178811,-0.942126978,-0.944060705,-0.95062608,-0.499814028,0
-0.948742212,-0.919281658,-0.944999536,-0.913892156,0.013117591,1
-0.912394756,-0.918168457,-0.916884895,-0.91596602,-0.298798405,0
-0.914184887,-0.920602461,-0.91235921,-0.914643703,-0.474362385,1
-0.913089645,-0.922509868,-0.909849545,-0.916204152,-0.654111123,0
-0.914747328,-0.906292509,-0.90668533,-0.89811516,-0.447232033,1
-0.896825933,-0.895889844,-0.895357057,-0.9049388,-0.18583649,0
-0.903562658,-0.903785407,-0.899220884,-0.906475999,-0.448021706,0
-0.904845906,-0.913765921,-0.901172763,-0.910420991,-0.529536687,0
-0.90899065,-0.913606913,-0.903933568,-0.913274167,-0.465368935,0
-0.911868005,-0.917624686,-0.905454689,-0.912996878,-0.473709741,1
-0.911603609,-0.915192497,-0.902171713,-0.911431807,-0.549670095,1
-0.909999693,-0.909290043,-0.902578482,-0.905929589,-0.492649085,1
-0.904615947,-0.913438618,-0.90414079,-0.913851064,-0.47156312,0
-0.912317113,-0.922474331,-0.914102021,-0.923912179,-0.575842316,0
-0.922379442,-0.928366732,-0.914562081,-0.92324038,-0.713194989,1
-0.921648147,-0.930895059,-0.924382445,-0.932080886,-0.585699851,0
-0.930671186,-0.9147959,-0.925397412,-0.909938816,-0.186747852,1
-0.908461178,-0.913658612,-0.900881286,-0.906249546,-0.706903039,1
-0.904813868,-0.90747839,-0.89548652,-0.906148877,-0.637825562,1
-0.904750292,-0.897211554,-0.895138246,-0.889147546,-0.455563699,1
-0.887743937,-0.873528637,-0.877476523,-0.865132485,-0.155253448,1
-0.863816322,-0.86192749,-0.86423597,-0.869548009,0.001719131,0
-0.867993999,-0.878677973,-0.869554563,-0.879626822,-0.404475676,0
-0.878243762,-0.87272902,-0.876000204,-0.863306604,-0.152464207,1
-0.862138522,-0.869894231,-0.858702736,-0.870534857,-0.324441489,0
-0.869356072,-0.870878375,-0.859893519,-0.861111757,-0.463530941,1
-0.859853534,-0.870311319,-0.853313285,-0.861835683,-0.48094389,0
-0.860608025,-0.832130851,-0.849474406,-0.824537579,0.724282835,1
-0.823291833,-0.831003233,-0.820998499,-0.826394449,0.465149813,0
-0.824703341,-0.834830719,-0.824363663,-0.832481446,-0.01404577,0
-0.831013224,-0.829003178,-0.821623156,-0.818579913,0.267499978,1
-0.817305446,-0.824579034,-0.810631237,-0.817803611,0.049342207,1
-0.816503739,-0.816220792,-0.82266654,-0.830833116,0.152132026,0
-0.829536996,-0.83894655,-0.825453031,-0.833451384,-0.269280458,0
-0.831986256,-0.839645037,-0.828362083,-0.83003016,-0.399230186,1
-0.828738367,-0.837914093,-0.826169545,-0.837321896,-0.489084607,0
-0.835942243,-0.847139918,-0.842612916,-0.851810106,-0.31687256,0
-0.850459318,-0.854183396,-0.846151018,-0.847977355,-0.385923528,1
-0.846874688,-0.857080183,-0.843634785,-0.852331438,-0.641657997,0
-0.851120021,-0.849219808,-0.841942128,-0.839005656,-0.504266812,1
-0.837585213,-0.827953231,-0.825738788,-0.821298241,-0.155260062,1
-0.819766912,-0.807227389,-0.807662066,-0.794702422,0.159600224,1
-0.793407256,-0.8028717,-0.784914769,-0.796994571,-0.040994663,0
-0.795668976,-0.797914536,-0.787486176,-0.788746582,0.042219343,1
-0.787431215,-0.799718195,-0.792125825,-0.802368354,-0.130553142,0
-0.801235609,-0.80854278,-0.790159478,-0.800015409,-0.317628819,1
-0.79882254,-0.806946968,-0.795620932,-0.801788734,-0.052840449,0
-0.800407125,-0.802005024,-0.785284486,-0.797247176,-0.024051085,1
-0.79592521,-0.805993578,-0.794227539,-0.804978633,-0.084723159,0
-0.803474204,-0.785969259,-0.791679013,-0.779145,0.208314167,1
-0.777551127,-0.777425618,-0.768028056,-0.769783664,0.349017237,1
-0.768660716,-0.77592762,-0.75468033,-0.764204708,0.186107096,1
-0.763034267,-0.771680497,-0.75557517,-0.760266307,0.22156939,1
-0.759005183,-0.757662311,-0.745517764,-0.746145523,0.255612256,1
-0.744889319,-0.756335085,-0.750252702,-0.762037948,0.446806211,0
-0.760746594,-0.755933078,-0.755381233,-0.743820163,0.345867193,1
-0.742833432,-0.746476053,-0.728053411,-0.737152508,0.660722797,1
-0.735958637,-0.742442885,-0.734421736,-0.747480236,0.963313215,0
-0.746318618,-0.754038168,-0.737002479,-0.742021475,0.638515718,1
-0.740607437,-0.752934636,-0.751214636,-0.765791597,0.666932845,0
-0.764470152,-0.768693226,-0.760022321,-0.763457317,0.639661293,1
-0.762004533,-0.775110444,-0.770881824,-0.775282693,0.789820131,0
-0.77387858,-0.760676042,-0.763130809,-0.749497209,0.860012833,1
-0.748073382,-0.755716958,-0.761010901,-0.775177939,0.859065849,0
-0.774065619,-0.786332798,-0.76522828,-0.774686915,0.755088806,1
-0.773156485,-0.783609751,-0.760662663,-0.773587504,0.523302874,1
-0.77217454,-0.784655683,-0.763375048,-0.774904197,0.246767449,0
-0.773554009,-0.77108705,-0.760047453,-0.759763103,0.538512965,1
-0.758598673,-0.770216429,-0.765968709,-0.774122485,0.755456967,0
-0.772716111,-0.785659341,-0.782400639,-0.794798291,0.601953405,0
-0.793632526,-0.804990304,-0.81360528,-0.820461394,1.05036438,0
-0.818822948,-0.823777532,-0.821220262,-0.821868368,0.783605831,0
-0.820247629,-0.826396865,-0.824879487,-0.825646879,0.749210333,0
-0.824335026,-0.830279926,-0.816305264,-0.829821226,0.265434885,0
-0.828420706,-0.833002973,-0.823868211,-0.83037043,0.247327014,0
-0.828937291,-0.819463524,-0.818634721,-0.812224834,0.663172354,1
-0.811098514,-0.822053185,-0.809431855,-0.818984525,0.627706641,0
-0.817563721,-0.826119935,-0.808962347,-0.822878753,0.200536066,0
-0.821211031,-0.814798475,-0.809035604,-0.807565124,0.458147126,1
-0.806222332,-0.8159905,-0.7963876,-0.808966687,0.502829607,0
-0.807650163,-0.817576015,-0.808274692,-0.820945504,0.254077926,0
-0.819664533,-0.831211463,-0.85561735,-0.867648471,0.449018445,0
-0.86606247,-0.872853609,-0.880796183,-0.87720434,0.827719746,0
-0.875864306,-0.872921088,-0.8667656,-0.872367043,0.602198383,1
-0.870926446,-0.879235638,-0.873635319,-0.869034881,0.424852919,1
-0.867492306,-0.877373508,-1.030971977,-1.0317511,1.323436763,0
-1.0274599,-0.984769885,-1.075747601,-0.989233532,2.554337396,1
-0.987160305,-0.991848725,-1.007541676,-1.010960098,0.374515665,0
-1.009387602,-0.983498443,-1.004818146,-1.002645331,0.231680979,1
-1.001540492,-1.008910594,-1.041842847,-1.022000806,0.903654235,0
-1.021172657,-1.005289557,-1.016016402,-1.005605409,0.543342477,1
-1.003989251,-0.990147279,-1.000016336,-0.991249538,0.594349316,1
-0.989294444,-0.924429179,-0.97940515,-0.926456038,1.425671668,1
-0.924963334,-0.904434707,-0.940344462,-0.931532004,1.589742724,0
-0.929577375,-0.928201754,-0.938335859,-0.932395541,0.867893462,0
-0.930896599,-0.929333247,-0.944227,-0.953796705,0.729452542,0
-0.952240966,-0.921378445,-0.945802262,-0.915806991,1.123469266,1
-0.913066592,-0.905266963,-0.907203184,-0.902829648,1.179183325,1
-0.901141893,-0.907127872,-0.90829067,-0.908029713,0.950509209,0
-0.906945859,-0.913702632,-0.904946726,-0.918007964,0.338218092,0
-0.916374262,-0.923897451,-0.930815575,-0.940798905,0.255054549,0
-0.93947393,-0.948370001,-0.951986023,-0.954206727,0.271985984,0
-0.952519394,-0.960827946,-0.963830195,-0.972952901,-0.095448419,0
-0.971246757,-0.943982685,-0.964985327,-0.940408407,0.412422044,1
-0.938888686,-0.942539074,-0.933790651,-0.941147916,0.160648385,0
-0.939751248,-0.937792409,-0.944965436,-0.930422346,0.594105618,1
-0.928955905,-0.909505464,-0.921390873,-0.919686602,1.00760571,1
-0.918005562,-0.912035117,-0.911110965,-0.919192175,0.536932293,1
-0.917436141,-0.918700709,-0.910643487,-0.911169099,0.204705386,1
-0.910016195,-0.918440744,-0.909445433,-0.914131148,0.000521895,0
-0.912862478,-0.895059403,-0.903747898,-0.886223471,0.996102843,1
-0.884680724,-0.888266744,-0.885961657,-0.895257327,0.823963046,0
-0.893648492,-0.892837295,-0.884393038,-0.887683968,0.434126746,1
-0.886022786,-0.896629523,-0.886067132,-0.89171899,0.268258286,0
-0.890181813,-0.90031521,-0.911364504,-0.917294142,0.766921723,0
-0.91572351,-0.921792251,-0.910936588,-0.917607041,0.066122143,0
-0.916210598,-0.910873183,-0.909651844,-0.911430589,0.320595703,1
-0.910301425,-0.919935567,-0.920009548,-0.920928492,0.470899872,0
-0.919572428,-0.925231449,-0.91428544,-0.924286878,0.202194328,0
-0.922643337,-0.926713111,-0.922885976,-0.932721875,0.115569373,0
-0.931350575,-0.911037778,-0.92692204,-0.903752583,0.937588898,1
-0.902322189,-0.910000014,-0.896734544,-0.905720655,0.129954945,0
-0.904502077,-0.904126429,-0.89491139,-0.896249549,0.126228416,1
-0.894619447,-0.903522614,-0.890210294,-0.899477603,0.065550975,0
-0.898185606,-0.904839403,-0.907693359,-0.916116702,0.435823719,0
-0.914789783,-0.92024758,-0.90336091,-0.911461327,0.165690813,1
-0.91006266,-0.90466273,-0.900965947,-0.898130458,0.199837185,1
-0.896445913,-0.885801811,-0.8900936,-0.880587302,0.779413454,1
-0.878896089,-0.881662311,-0.868328683,-0.873875115,0.272178647,1
-0.872478528,-0.877943007,-0.863473508,-0.872745646,0.175700818,1
-0.87131316,-0.874552018,-0.861044666,-0.866263745,0.18285151,1
-0.864875051,-0.870957687,-0.853873543,-0.861488749,0.349522873,1
-0.859996435,-0.8703109,-0.85345382,-0.861261078,0.179183031,1
-0.859870179,-0.810944703,-0.851248512,-0.804146515,1.698095046,1
-0.802978703,-0.778309225,-0.810517717,-0.81692646,2.047170096,0
-0.814721339,-0.803862965,-0.802468581,-0.80167789,0.78155018,1
-0.800062473,-0.804533141,-0.790542075,-0.794410695,0.560082171,1
-0.793344862,-0.795349555,-0.789356864,-0.79765143,0.963018849,0
-0.796392324,-0.804909805,-0.798214814,-0.796480654,0.886205976,1
-0.795110545,-0.800020224,-0.78543672,-0.79100029,0.741535887,1
-0.789387444,-0.773895868,-0.77866026,-0.770156822,1.120030702,1
-0.769226629,-0.74211827,-0.762671118,-0.732037993,1.775604257,1
-0.73163924,-0.742888074,-0.727111369,-0.739817671,1.238282798,0
-0.738607178,-0.748297515,-0.739552444,-0.754530221,0.942449104,0
-0.753365166,-0.766639378,-0.81177969,-0.804468192,1.890382611,0
-0.803155039,-0.795169078,-0.809986909,-0.810087774,1.561030232,0
-0.808206518,-0.798449476,-0.798010728,-0.794730366,0.721287714,1
-0.793317657,-0.775049109,-0.78010067,-0.766239666,0.920372209,1
-0.764823826,-0.746281681,-0.750321973,-0.738077163,1.547374644,1
-0.736729917,-0.7494702,-0.745056117,-0.756465369,1.101041089,0
-0.754832159,-0.754681778,-0.744953779,-0.75350615,0.403606651,1
-0.75230701,-0.739395397,-0.739405377,-0.734745968,0.635315832,1
-0.733134906,-0.734792172,-0.726543988,-0.736870131,0.714080175,0
-0.735528645,-0.745258929,-0.732310537,-0.73947235,0.554983474,0
-0.738379975,-0.746853275,-0.73960437,-0.750974186,0.402536362,0
-0.74966527,-0.760534837,-0.775326392,-0.776752504,0.565219501,0
-0.775494166,-0.77736575,-0.765553673,-0.768145831,0.025246392,1
-0.766658989,-0.772956337,-0.756776176,-0.766535011,-0.095250547,1
-0.765018704,-0.773784754,-0.778060661,-0.792679394,0.178782826,0
-0.791579073,-0.794800059,-0.782277376,-0.786300348,0.105554074,1
-0.784789475,-0.795501513,-0.787002201,-0.79631643,-0.01102793,0
-0.794818513,-0.782606791,-0.781786131,-0.772718091,0.179415201,1
-0.771142623,-0.765646646,-0.759596841,-0.754665391,0.263858401,1
-0.753184106,-0.763561449,-0.748443018,-0.76085732,0.176407422,0
-0.759538556,-0.757558388,-0.749695766,-0.745326087,0.166505153,1
-0.74402554,-0.757771924,-0.745653834,-0.759684036,-0.116087175,0
-0.758202473,-0.735597269,-0.751277154,-0.724401688,0.285011719,1
-0.723351721,-0.739928487,-0.753844427,-0.766103601,0.490337408,0
-0.764537594,-0.769070833,-0.754614823,-0.758451318,-0.299576534,1
-0.75717231,-0.759870177,-0.748842443,-0.751678693,-0.25252105,1
-0.750379239,-0.761673033,-0.748554325,-0.762006135,-0.392908829,0
-0.760710332,-0.767930438,-0.750892601,-0.762692802,-0.563573204,0
-0.761399208,-0.770307576,-0.758821905,-0.759461381,-0.316278103,1
-0.758061505,-0.767195926,-0.746763832,-0.759058524,-0.512070263,1
-0.757563463,-0.768063475,-0.745465544,-0.756578649,-0.38624626,1
-0.755341943,-0.764038476,-0.74698124,-0.752259711,-0.276082775,1
-0.750936239,-0.761945948,-0.767386422,-0.778063394,-0.006508799,0
-0.776781995,-0.777432949,-0.764657061,-0.767407253,-0.430749253,1
-0.766077111,-0.778579069,-0.757121572,-0.767732835,-0.713869342,0
-0.76626304,-0.779202572,-0.758517548,-0.771288584,-0.630640468,0
-0.769993113,-0.780251436,-0.778226919,-0.773227314,-0.212322429,0
-0.771679397,-0.778892199,-0.760639893,-0.765866293,-0.493292035,1
-0.764778077,-0.777333041,-0.761605849,-0.767742866,-0.567859802,0
-0.766329515,-0.779467005,-0.755492872,-0.766214982,-0.692856229,1
-0.764970664,-0.775764561,-0.755601668,-0.770078328,-0.580398151,0
-0.768565103,-0.775694674,-0.757249116,-0.767444942,-0.722979104,1
-0.766192413,-0.775339444,-0.754031647,-0.769179467,-0.825969351,0
-0.768002698,-0.765940263,-0.753670456,-0.755614192,-0.511132155,1
-0.754559351,-0.767822256,-0.744140868,-0.757754477,-0.743562302,0
-0.756279857,-0.766568094,-0.759225353,-0.771360199,-0.624086034,0
-0.76999007,-0.78210114,-0.769232642,-0.774772968,-0.644705289,0
-0.773655923,-0.783585489,-0.764964813,-0.776900105,-0.652790209,0
-0.775264421,-0.786083236,-0.772037511,-0.784043415,-0.714029053,0
-0.782511253,-0.786677939,-0.773427472,-0.77838027,-0.869007694,1
-0.777246066,-0.782736756,-0.767703733,-0.774095365,-0.758148037,1
-0.773067601,-0.78442354,-0.764923443,-0.780664179,-0.805233309,0
-0.778844147,-0.786374863,-0.767401516,-0.778707894,-0.797473285,1
-0.777196881,-0.788689235,-0.7751987,-0.784995441,-0.776921725,0
-0.783560675,-0.791736862,-0.774792115,-0.787817735,-0.96192137,0
-0.786645294,-0.793703439,-0.775104813,-0.78519155,-1.006412073,1
-0.784216546,-0.794912464,-0.779407406,-0.78826885,-0.971363879,0
-0.786979959,-0.783173637,-0.774811638,-0.771399141,-0.691664876,1
-0.771603365,-0.784725744,-0.767453922,-0.780624305,-0.922625218,0
-0.779233903,-0.783877151,-0.766287976,-0.773457242,-0.599885477,1
-0.772135665,-0.785085338,-0.769595715,-0.781877587,-0.694233367,0
-0.780797727,-0.793583249,-0.77540858,-0.782585749,-0.759243009,0
-0.781312415,-0.793239957,-0.772395787,-0.784813197,-0.9605237,0
-0.783421675,-0.791765766,-0.772467604,-0.78293974,-0.893817641,1
-0.781549963,-0.79130197,-0.767923614,-0.781614055,-0.716969048,1
-0.780553055,-0.790825258,-0.769851985,-0.782307529,-0.686534491,0
-0.781035955,-0.792218182,-0.772356815,-0.786195415,-0.813560012,0
-0.784893894,-0.795968625,-0.774969076,-0.788408246,-0.818692384,0
-0.787079295,-0.79629701,-0.776413508,-0.787719717,-0.918481133,1
-0.786379179,-0.794431912,-0.77585325,-0.787153675,-1.01307074,1
-0.785861771,-0.79631045,-0.776045194,-0.785838271,-0.974961701,1
-0.784405231,-0.793668007,-0.776424469,-0.790903705,-0.934726048,0
-0.789647902,-0.789146991,-0.777579934,-0.781670767,-0.700435576,1
-0.78031182,-0.78436622,-0.767455878,-0.772904814,-0.785261588,1
-0.771461537,-0.780652606,-0.759161433,-0.769667195,-0.695968198,1
-0.768073039,-0.781753415,-0.760856748,-0.774899969,-0.788555587,0
-0.773408925,-0.777213967,-0.760123478,-0.766857046,-0.785402697,1
-0.765342129,-0.759370739,-0.752877252,-0.754051593,-0.571478887,1
-0.752722862,-0.689485876,-0.739187304,-0.696186594,0.231778456,1
-0.69339419,-0.697837764,-0.698730751,-0.702388483,-0.13274092,0
-0.701096466,-0.697956314,-0.688149808,-0.694590211,-0.364777487,1
-0.693347654,-0.709897367,-0.691402707,-0.700562674,-0.473173964,0
-0.699335545,-0.697119275,-0.690631609,-0.687004886,-0.453595786,1
-0.685782695,-0.675193728,-0.67402914,-0.662555943,-0.296808164,1
-0.66134945,-0.662115631,-0.686826166,-0.702727105,-0.226430866,0
-0.70199325,-0.692694118,-0.687827183,-0.691027799,-0.608451313,1
-0.689760375,-0.696801048,-0.677831187,-0.693642628,-0.556425059,0
-0.692480868,-0.677266671,-0.678425435,-0.665349971,-0.390495329,1
-0.663935776,-0.672578723,-0.655619644,-0.664034604,-0.445656186,1
-0.66282958,-0.671273559,-0.662629196,-0.669659846,-0.451749897,0
-0.668228253,-0.673158415,-0.653809665,-0.661080938,-0.751623417,1
-0.660768537,-0.672829367,-0.654034934,-0.665573522,-0.756199297,0
-0.665075549,-0.660993877,-0.647888078,-0.655436421,-0.293740663,1
-0.653990967,-0.667627633,-0.675015468,-0.680487518,-0.241222222,0
-0.679553319,-0.676271217,-0.671342219,-0.670391617,-0.347129856,1
-0.668937462,-0.674305652,-0.675237342,-0.660360058,-0.217168617,1
-0.659752836,-0.656017304,-0.648814472,-0.66209358,-0.39576589,0
-0.660850799,-0.666048855,-0.643532526,-0.656664876,-0.443256731,1
-0.655361416,-0.667595028,-0.645352321,-0.656136451,-0.593960298,1
-0.654729028,-0.645325072,-0.642041998,-0.635897788,-0.183459406,1
-0.634806335,-0.647823133,-0.64056675,-0.658136156,-0.316404236,0
-0.656906052,-0.670878603,-0.648932273,-0.663862211,-0.38386841,0
-0.66242844,-0.675946986,-0.647040217,-0.66269208,-0.625242226,1
-0.661458201,-0.676447366,-0.655451356,-0.672056569,-0.421486214,0
-0.671188872,-0.681152839,-0.662159467,-0.667123833,-0.611881131,1
-0.66598658,-0.679418718,-0.655743424,-0.668273186,-0.705854327,0
-0.667080605,-0.676719025,-0.652310649,-0.660975252,-0.585693181,1
-0.659780042,-0.676648789,-0.679595256,-0.687843919,-0.291823139,0
-0.686528559,-0.695890491,-0.673577494,-0.684230778,-0.50305405,1
-0.683113392,-0.69498168,-0.682827414,-0.692502089,-0.460110956,0
-0.69111987,-0.70138057,-0.675025285,-0.687607901,-0.655169589,1
-0.686414367,-0.699216585,-0.674119853,-0.689566192,-0.777550869,0
-0.688190252,-0.692151498,-0.67264298,-0.678620869,-0.658133972,1
-0.677256375,-0.688607785,-0.664691828,-0.680601228,-0.525586198,0
-0.679416503,-0.675209017,-0.667199537,-0.666438635,-0.264711601,1
-0.665492082,-0.681201013,-0.681615299,-0.694527015,-0.220972479,0
-0.693624436,-0.706258841,-0.743119443,-0.755137785,-0.005014016,0
-0.754636457,-0.745332446,-0.73835583,-0.741114732,-0.111111554,1
-0.739759659,-0.749908582,-0.757092011,-0.760024915,0.681341697,0
-0.758824086,-0.761404446,-0.750819012,-0.752437405,0.270609002,1
-0.751077136,-0.754167923,-0.753968133,-0.743826791,0.103056916,1
-0.742523395,-0.744709641,-0.746553214,-0.74863618,0.115284874,0
-0.74716568,-0.750058655,-0.739254435,-0.743813679,-0.39292846,1
-0.742497013,-0.738806977,-0.727950445,-0.728267041,1.290394743,1
-0.726624667,-0.736910915,-0.725586815,-0.725504002,0.787046344,1
-0.723688283,-0.728511412,-0.715254945,-0.723138232,0.322182319,1
-0.721251016,-0.728602105,-0.719305254,-0.73034438,0.307392745,0
-0.728752399,-0.720503444,-0.716976056,-0.71202589,0.242671953,1
-0.71090947,-0.713264932,-0.698395947,-0.706897547,0.077067428,1
-0.705563131,-0.708426317,-0.695320341,-0.700583954,-0.028263044,1
-0.699394252,-0.70960937,-0.690944344,-0.702831214,0.370021404,0
-0.701386278,-0.712319327,-0.69040228,-0.700231145,-0.26396545,1
-0.69956307,-0.703337687,-0.684855576,-0.691724174,-0.458911898,1
-0.690361548,-0.705453359,-0.690422873,-0.701382719,-0.355175151,0
-0.70028853,-0.713433889,-0.709664729,-0.723120068,-0.113452311,0
-0.721969602,-0.726324806,-0.708396814,-0.715134681,-0.394624787,1
-0.714010627,-0.728419184,-0.717449365,-0.730629014,-0.382436062,0
-0.729171939,-0.715548793,-0.715352153,-0.702992285,0.901994887,1
-0.701647165,-0.715397569,-0.693408726,-0.706364966,0.473611706,0
-0.704912773,-0.715300453,-0.690636628,-0.703025675,0.887998135,1
-0.701960889,-0.714492738,-0.693267231,-0.702544682,1.264212097,1
-0.701182736,-0.711624994,-0.695098541,-0.711555215,0.911868563,0
-0.710263408,-0.716290532,-0.696771971,-0.70343301,0.849124782,1
-0.702191421,-0.716861218,-0.694851719,-0.709321928,0.707546388,0
-0.707420847,-0.711009904,-0.709441047,-0.717272529,0.486676039,0
-0.715955043,-0.727051394,-0.710796132,-0.722052649,0.948314258,0
-0.720801872,-0.733729762,-0.708982205,-0.723471158,0.730990196,0
-0.722106669,-0.728760799,-0.707622801,-0.716454347,2.179286794,1
-0.714764581,-0.725698615,-0.701752254,-0.712424126,0.875756039,1
-0.710964025,-0.725471569,-0.705355567,-0.718023431,0.629122158,0
-0.716786104,-0.728532986,-0.703182404,-0.715879349,0.36037555,1
-0.714561112,-0.714678033,-0.706757965,-0.702982756,1.744486101,1
-0.701004897,-0.709266358,-0.689880441,-0.699627415,-0.469275247,1
-0.698643662,-0.692690208,-0.682780175,-0.686740279,-0.465323305,1
-0.685483791,-0.693424267,-0.669359967,-0.680926022,-0.620773917,1
-0.679182821,-0.67950962,-0.670181994,-0.672982299,-0.28983241,1
-0.672093818,-0.687003524,-0.663529683,-0.673807789,-0.380285899,0
-0.672367521,-0.687193287,-0.666809227,-0.677456541,-0.395589523,0
-0.676355367,-0.678245509,-0.664216489,-0.66823213,-0.363567182,1
-0.666549808,-0.679838459,-0.667211789,-0.678710862,-0.302295586,0
-0.677445096,-0.689306865,-0.662792834,-0.676666876,-0.656792598,1
-0.675523017,-0.684481097,-0.659150807,-0.670114543,-0.703817602,1
-0.668193316,-0.670692819,-0.656329035,-0.656537911,-0.402289386,1
-0.655066807,-0.656839193,-0.641190448,-0.647091095,-0.019859989,1
-0.646034891,-0.602106243,-0.628972021,-0.605300909,0.627966773,1
-0.605325082,-0.600367863,-0.591270847,-0.594508847,0.169713005,1
-0.592993121,-0.607326827,-0.583509683,-0.594503401,-0.135834808,1
-0.593302836,-0.599225164,-0.576677349,-0.584700624,-0.375247997,1
-0.583509735,-0.589135036,-0.575268603,-0.589443771,-0.383305141,0
-0.588247598,-0.592431388,-0.579017877,-0.584841418,-0.106173321,1
-0.583650775,-0.564474957,-0.565051324,-0.553138177,0.123509149,1
-0.551972737,-0.560671663,-0.5696334,-0.572283017,0.244134875,0
-0.571101312,-0.565783751,-0.565129563,-0.559468106,1.375810177,1
-0.558297907,-0.565970652,-0.55445931,-0.554303866,-0.037008576,1
-0.553136709,-0.544857917,-0.537496793,-0.540836358,-0.051575982,1
-0.539680512,-0.554035743,-0.527521538,-0.542177735,-0.367821379,0
-0.541025186,-0.555598323,-0.549044283,-0.552528069,-0.023303878,0
-0.551365121,-0.557551739,-0.544306615,-0.541778711,-0.096953977,1
-0.540611661,-0.537544281,-0.530542377,-0.522135109,0.206860461,1
-0.520992668,-0.464933997,-0.501112175,-0.451954534,0.489122482,1
-0.450876206,-0.452827408,-0.448287028,-0.45375548,0.432061713,0
-0.452669058,-0.464516141,-0.494714658,-0.494745755,0.174210555,0
-0.493626654,-0.46993759,-0.47628051,-0.460204995,-0.277164227,1
-0.459111856,-0.460777218,-0.467470869,-0.467565264,0.126034173,0
-0.4664659,-0.4834614,-0.460579487,-0.475898625,-0.341943937,0
-0.474794263,-0.458078642,-0.451829337,-0.450810771,-0.114840546,1
-0.449728987,-0.431226511,-0.434925499,-0.411784806,0.133856464,1
-0.410726403,-0.422162277,-0.405501793,-0.414576039,-0.013825517,0
-0.413520853,-0.435482291,-0.42111572,-0.428458835,-0.233464824,0
-0.427392509,-0.446031397,-0.417935968,-0.43639482,-0.440024621,0
-0.435322811,-0.408461481,-0.41456918,-0.394289012,-0.021070692,1
-0.39493682,-0.359578308,-0.376313543,-0.345322771,0.371591598,1
-0.34433468,-0.327965409,-0.337386894,-0.336473022,0.90576742,1
-0.335488049,-0.339223579,-0.328669738,-0.335125268,0.265637522,1
-0.334133781,-0.309213056,-0.310172777,-0.293569954,0.260361444,1
-0.292611095,-0.300605916,-0.273958735,-0.292414726,0.401132561,1
-0.291456932,-0.313932352,-0.317932465,-0.308789613,0.48460202,0
-0.307817976,-0.319013931,-0.301144952,-0.310861543,0.557976846,0
-0.309839857,-0.2835393,-0.295934823,-0.272805445,1.01153912,1
-0.272030885,-0.279742009,-0.273860493,-0.294914985,0.599509012,0
-0.294080128,-0.312165208,-0.398369937,-0.379622856,1.536547436,0
-0.378414904,-0.385760892,-0.387308931,-0.378587357,0.35747567,1
-0.377311143,-0.360358586,-0.362703937,-0.345007077,0.025023959,1
-0.343885071,-0.339172962,-0.3258707,-0.321495901,-0.055623552,1
-0.320468816,-0.263820396,-0.292612027,-0.242247042,0.819390427,1
-0.240893094,-0.256087787,-0.283916718,-0.29399513,0.903518352,0
-0.293104663,-0.286285421,-0.289990355,-0.268115533,0.269017378,1
-0.266912,-0.282531976,-0.254854609,-0.261324387,-0.028718076,1
-0.260305968,-0.283416002,-0.271736968,-0.301045008,0.074538734,0
-0.30015565,-0.300350175,-0.277754509,-0.2762343,-0.272662978,1
-0.275292197,-0.286512607,-0.260449881,-0.263864269,-0.372268781,1
-0.263038059,-0.284925312,-0.250160858,-0.267585675,-0.281905751,0
-0.26665326,-0.287820912,-0.290017591,-0.316147303,-0.030391588,0
-0.315184907,-0.322041695,-0.309866906,-0.303407052,0.113202402,1
-0.302474215,-0.327191206,-0.302568017,-0.314530142,-0.347691848,0
-0.313613351,-0.338282303,-0.314657866,-0.320192786,-0.213709769,0
-0.319633173,-0.29687956,-0.29193489,-0.278762502,-0.541728286,1
-0.277643194,-0.271906141,-0.252599923,-0.267256224,-0.354231867,1
-0.26620229,-0.284073402,-0.242000896,-0.262210781,-0.512324693,1
-0.26126196,-0.280443463,-0.241694583,-0.262475961,-0.299653213,0
-0.261447102,-0.183343454,-0.237937929,-0.163885365,0.61558665,1
-0.163152036,-0.077772449,-0.134145959,-0.088793263,2.003041588,1
-0.087909458,-0.092493136,-0.066894715,-0.066409515,0.402922597,1
-0.065908253,-0.046202208,-0.047391497,-0.026793003,0.303858032,1
-0.026484268,-0.030360535,-0.029436378,-0.036748326,0.287914274,0
-0.036149718,-0.03243313,-0.062526763,-0.077754722,0.700540031,0
-0.077460915,-0.050520125,-0.061046274,-0.019879549,0.620407864,1
-0.019196735,-0.038376812,-0.046077819,-0.059976122,0.964642461,0
-0.059265494,-0.065635,-0.053714539,-0.037641239,0.432877671,1
-0.037015287,-0.018692817,-0.016110352,0.010711813,0.48102371,1
0.012088037,0.087021244,0.041651457,0.10646625,0.805690441,1
0.107232188,0.191823213,0.122007073,0.098581066,1.748700823,0
0.099687777,0.129988313,0.13707901,0.153960924,0.864929598,1
0.154399615,0.129915005,0.133425986,0.165439402,0.66098879,1
0.165904739,0.199446976,0.208820067,0.230737754,0.949260208,1
0.231311832,0.214386471,0.239296678,0.234447553,0.707547181,1
0.234571785,0.228249243,0.269086115,0.254317643,0.39725307,1
0.254963131,0.413990902,0.284866337,0.402052246,1.794019208,1
0.402571075,0.489987672,0.448552424,0.436114378,2.347464731,1
0.438041221,0.426076965,0.26404885,0.406610677,2.509930561,0
0.407288104,0.487870533,0.356762247,0.508223867,1.789245276,1
0.509683132,0.615663879,0.534933774,0.661197585,2.190081462,1
0.661906872,0.799260752,0.705346204,0.806930261,2.697164803,1
0.807590948,0.888575999,0.729803872,0.884908247,2.872426983,1
0.884442597,0.863523756,0.848547247,0.855290478,1.516574008,0
0.855315518,0.863315003,0.681475033,0.759825081,2.464675123,0
0.759406602,0.708339709,0.385582406,0.607737112,4.718804033,0
0.605250689,0.609387448,0.49407691,0.499209608,2.151286859,0
0.499115744,0.651013747,0.478506753,0.684224186,1.87780861,1
0.684873304,0.771208044,0.719690075,0.779434935,1.572998519,1
0.777897563,0.747452866,0.605820402,0.667098325,1.811475615,0
0.667090549,0.672537705,0.658765491,0.631497704,1.289549345,0
0.630937256,0.610111174,0.57176,0.613127697,1.016172339,0
0.613415389,0.649225727,0.620621897,0.656741041,0.866210183,1
0.657598357,0.662149877,0.674832835,0.617690428,1.253505718,0
0.616864492,0.586285341,0.538284029,0.586513822,1.74260793,0
0.586859244,0.540456603,0.341664624,0.325509714,2.178600313,0
0.325543735,0.447155071,0.271685717,0.448081515,2.272391986,1
0.447376909,0.423660032,0.416550742,0.397772823,0.788154878,0
0.398005252,0.401871327,0.395200492,0.409152136,0.802286932,1
0.409358883,0.49890459,0.450384694,0.414425644,1.383038107,1
0.41440281,0.38694789,0.386011392,0.417280073,1.387175614,1
0.417361495,0.374782236,0.299401672,0.311391186,1.522338781,0
0.312323081,0.443705401,0.337535227,0.467140088,2.224547732,1
0.513033865,0.678856864,0.446301059,0.51421976,4.351769097,1
0.513441091,0.496567668,0.492389014,0.512916573,1.646364337,0
0.513304919,0.469255441,0.456431833,0.451856946,1.011360404,0
0.452233117,0.484963483,0.462410771,0.477349914,1.460604737,1
0.477480957,0.56068992,0.528156355,0.585518734,1.551424318,1
0.585805097,0.643557405,0.637189381,0.692233469,1.454494347,1
0.692568206,0.710909682,0.686085969,0.6596601,1.844265308,0
0.660152824,0.67369709,0.70155914,0.7154723,1.303047187,1
0.715310692,0.806286741,0.775236096,0.775385798,1.955184839,1
0.77464792,0.742545412,0.737147565,0.75574585,1.656269025,0
0.754981389,1.083514824,0.772390852,1.143917306,3.496053049,1
1.143118012,1.17142032,1.153947836,1.146550334,2.97777333,1
1.145758964,1.115455655,1.072330209,1.060898534,2.743142574,0
1.059745171,1.188774095,1.092522079,1.223158641,2.448134406,1
1.221193629,1.203537091,1.214740447,1.195794867,2.192723662,0
1.194843387,1.16201873,1.209930371,1.174938143,1.872639973,0
1.175202344,1.23638806,1.249366384,1.25515995,1.916084238,1
1.253786849,1.1985904,1.197377583,1.206106295,2.198823931,0
1.205837904,1.26503603,1.238315491,1.27783976,2.206163578,1
1.277936583,1.389346473,1.351951333,1.437496933,2.402988299,1
1.436650874,1.384874539,1.444311474,1.392845797,0.923732995,0
1.392259568,1.544584838,1.435776038,1.605887206,1.491490917,1
1.60529007,1.61382651,1.622728642,1.615281789,1.723206463,1
1.613099522,1.655611851,1.679465224,1.687646069,0.904535495,1
1.686648692,1.612976136,1.315455926,1.505270394,2.906081985,0
1.504670425,1.435110281,1.106139508,1.215239208,3.589653719,0
1.215548601,1.269627491,1.203567323,1.256033805,1.469637422,1
1.255951559,1.30540855,1.21864177,1.145589065,1.040227135,0
1.149934888,1.160627691,1.088324333,1.118688443,16.0322391,0
1.118784998,1.157779148,1.133863877,1.111735724,0.621158314,0
1.111867319,1.078875607,1.023820535,1.048010109,0.992394249,0
1.049039463,1.235846557,1.115722313,1.292392922,1.023735458,1
1.29108006,1.253449719,1.232567432,1.221784377,0.697974087,0
1.223469739,1.36961221,1.291533678,1.341641181,0.991343671,1
1.340456872,1.333807413,1.270552037,1.242525886,0.952262888,0
1.240458661,1.232521301,1.212090063,1.27275627,0.774312656,1
1.270978525,1.220031834,1.258422035,1.271964671,0.048777497,0
1.27200919,1.332651519,1.349170452,1.390584494,0.492645586,1
1.388476265,1.385740831,1.380581208,1.451423866,0.775222835,1
1.452394064,1.502762912,1.520355677,1.57457518,0.880911007,1
1.57403909,1.619198807,1.582114024,1.628037086,1.195474717,1
1.625076305,1.649026968,1.630597421,1.71018487,1.157283576,1
1.710389769,1.643939246,1.688565161,1.700002414,1.116452836,0
1.699965998,1.848488693,1.729270714,1.906147852,1.368243626,1
1.904196763,1.844074568,1.894448657,1.801623772,0.51881475,0
1.799076159,1.788634928,1.684058298,1.629487874,1.664180329,0
1.625410219,1.604792717,1.591070178,1.67609508,1.3256405,1
1.676587185,1.698997405,1.64343246,1.768779848,1.335328515,1
1.7692582,1.764060095,1.622022129,1.727054076,1.118626087,0
1.72595512,1.748317703,1.753067484,1.763890676,0.789826422,1
1.762448484,1.774701919,1.848981448,1.76279499,0.856209042,0
1.761917258,1.709580303,1.728678164,1.729012439,0.943415165,0
1.728065419,1.695898357,1.637033689,1.564784224,1.170946568,0
1.563336676,1.588072603,1.598540382,1.602875861,1.193245029,1
1.60080343,1.667238936,1.576959695,1.506998615,1.929258897,0
1.503976825,1.469915574,1.481363116,1.437231824,1.781592357,0
1.435682926,1.540267339,1.512240961,1.613064623,1.193439222,1
1.612516748,1.612900454,1.649554886,1.655966043,0.712887685,1
1.655446682,1.615082941,1.694058131,1.655128587,0.7346294,0
1.654382225,1.693396945,1.704093689,1.754255919,1.245157824,1
1.753578585,1.773892039,1.817174773,1.822890052,1.08677248,1
1.8228327,1.795943956,1.849496644,1.813842547,1.645737644,0
1.813532379,1.769551361,1.88571541,1.812274538,1.438099065,0
1.811717047,1.794018117,1.89172712,1.828403447,1.289245678,1
1.82836461,1.787621461,1.824737682,1.733952341,1.33573136,0
1.733344746,1.725770643,1.800953608,1.795181207,0.88322697,1
1.794597537,1.759474778,1.831189892,1.792588017,1.371684148,0
1.797893716,1.738388574,1.823475524,1.764833029,1.661898477,0
1.763840841,1.71803182,1.737877007,1.670712089,2.175067999,0
1.672824502,1.716992939,1.750282765,1.793911553,1.019492284,1
1.793345218,1.750904013,1.864638406,1.79545864,0.696015359,1
1.795221262,1.876101414,1.876723531,1.878792389,1.291152247,1
1.880853747,1.851214638,1.945702307,1.900615827,0.676953599,1
1.898273092,1.869185038,1.95077131,1.873184128,0.952909766,0
1.872232422,1.996381167,1.967707255,2.064419009,1.880519518,1
2.064579189,2.04959643,2.052694623,2.039045697,2.257392645,0
2.036309088,1.990258474,2.090786696,2.048175458,1.412987303,1
2.044314993,1.981903025,1.978284582,1.94409504,2.589679764,0
1.940997694,1.914480233,1.974713044,1.896643213,1.665643222,0
1.896813151,1.83589841,1.563062672,1.663069229,3.265259842,0
1.661163017,1.643303071,1.616422871,1.600209874,1.587696255,0
1.59743308,1.607913827,1.563353485,1.650835837,1.726770852,1
1.650144159,1.591005486,1.590185929,1.517138653,1.075626999,0
1.514076132,1.537036197,1.439799591,1.422406962,2.104775827,0
1.420807739,1.37205302,1.274181147,1.379168209,2.695784313,0
1.381411962,1.316164037,1.334661098,1.324062917,0.78630363,0
1.323835655,1.283064798,1.245456204,1.27128542,0.641676253,0
1.274884969,1.471387042,1.338515182,1.530686123,1.252963479,1
1.530641506,1.530390713,1.579239846,1.582326377,0.803878951,1
1.58197512,1.562613605,1.612655293,1.560652259,0.721629079,0
1.561886472,1.503702093,1.517815418,1.494449385,0.625667966,0
1.494694832,1.676434984,1.55545902,1.744814334,0.969723691,1
1.742263615,1.704771291,1.797623873,1.748826786,0.482676391,1
1.748040948,1.676412084,1.747825173,1.68490843,0.245124871,0
1.683716496,1.724532085,1.772841881,1.696631381,0.918480276,1
1.696735685,1.622409562,1.571291942,1.495796709,1.775503957,0
1.491033238,1.657096166,1.558710811,1.707215369,1.804370211,1
1.707490792,1.679458909,1.689971987,1.655919326,1.822073099,0
1.65624395,1.67507662,1.682745358,1.686550956,1.74395098,1
1.68574031,1.720286638,1.755982404,1.763142067,1.59115514,1
1.766319991,1.70731571,1.731619656,1.721082688,1.604398149,0
1.721404045,1.71580465,1.568557414,1.578361215,1.875535961,0
1.577176044,1.555517939,1.59828175,1.621295021,1.353204156,1
1.62124346,1.615215594,1.318498686,1.242524453,2.065178654,0
1.272751474,1.291719623,1.203155166,1.274999804,3.147059136,1
1.27297456,1.29030736,1.306265645,1.273450138,1.082641279,0
1.271857984,1.247832502,1.17795777,1.111092872,1.253516849,0
1.108667648,1.201207429,1.03278348,1.095285532,1.497449612,0
1.093049031,1.044964813,0.933644149,0.936051386,2.027111796,0
0.933467024,0.990174333,0.933521771,0.897119427,1.08799956,0
0.898967117,0.874542593,0.314532953,0.602546146,4.604712933,0
0.589862317,0.826102272,0.553390657,0.787516873,2.680915851,1
0.77801154,0.80587468,0.472112558,0.6121157,2.381277497,0
0.61578901,0.642259362,0.566703544,0.624355397,1.154486683,1
0.624313827,0.61488402,0.344701332,0.482274769,2.206450466,0
0.478974117,0.692177296,0.522130031,0.684318908,1.649868213,1
0.689148886,0.688409259,0.62887582,0.670363601,1.098107169,0
0.670056108,0.742548763,0.701246922,0.720605802,0.860960708,1
0.72193455,0.718705057,0.672101702,0.663809978,0.442094801,0
0.667624782,0.637081995,0.529302926,0.523915276,1.03865924,0
0.523527368,0.5564266,0.471503327,0.467991444,0.544179367,0
0.467895406,0.514414631,0.462278059,0.524143699,-0.128593741,1
0.523440454,0.563749312,0.500215131,0.603364399,0.230486457,1
0.601595109,0.584629136,0.586757388,0.579532156,0.02296213,0
0.58057159,0.608565141,0.596575353,0.623486988,-0.056874927,1
0.624968051,0.668724566,0.663271764,0.717157386,0.069706183,1
0.719062637,0.668996854,0.586337998,0.58967807,0.379759162,0
0.58919492,0.594734624,0.539547958,0.520122076,0.087929707,0
0.519740915,0.519948904,0.561157578,0.535658432,-0.262693516,1
0.534552814,0.539872512,0.461840364,0.415122664,-0.026927452,0
0.417006533,0.39507392,0.339270805,0.413798411,0.782919262,0
0.411309528,0.582185114,0.410365135,0.619798828,0.992611662,1
0.62233569,0.624850572,0.587854359,0.578474301,0.465044357,0
0.578449836,0.579681747,0.599373506,0.619770024,0.231378813,1
0.62029899,0.57616966,0.537345603,0.527097437,0.192689361,0
0.527571988,0.672911088,0.54462759,0.709981259,0.328129427,1
0.70593935,0.755304094,0.752984473,0.76940266,0.45297095,1
0.780357096,0.77697439,0.803671407,0.783537524,0.62095743,1
0.771267833,0.732893457,0.739303714,0.68931527,0.273472759,0
0.689194849,0.701931743,0.709560188,0.681239208,0.173911779,0
0.683838917,0.638956029,0.605047902,0.579192674,0.145417849,0
0.583027114,0.567563986,0.58843067,0.570088707,-0.109047924,0
0.56755999,0.546502637,0.506290909,0.573859839,0.168420358,1
0.571094432,0.528495373,0.374862478,0.347279127,0.970072378,0
0.344867045,0.387185269,0.248654657,0.387784684,1.275683337,1
0.3887287,0.457116875,0.398852336,0.449615418,0.634678307,1
0.447870047,0.489729767,0.429944673,0.505569057,-0.024121994,1
0.505715261,0.501321384,0.383319969,0.349866442,0.33993039,0
0.348035643,0.360876176,0.319947536,0.378849957,0.256521344,1
0.384618357,0.46368947,0.422560238,0.507531003,0.099255402,1
0.509406207,0.488368191,0.521272207,0.498472176,0.019431527,0
0.50097704,0.567602107,0.543873395,0.579499626,0.228050826,1
0.581913544,0.542640487,0.543102077,0.537212111,0.034100961,0
0.537251184,0.491696937,0.483754821,0.468324907,0.236249384,0
0.467476296,0.443519687,0.476952897,0.477021896,0.272317777,1
0.475105761,0.485969131,0.502898287,0.518299277,-0.457741309,1
0.518452513,0.537577759,0.557569211,0.550018854,-0.431006797,1
0.55012289,0.50424924,0.488707794,0.465155644,-0.341887011,0
0.464319296,0.488266816,0.519117533,0.497705512,-0.348144348,1
0.49752808,0.489725997,0.530138017,0.478081614,-0.434688166,0
0.480246196,0.437297016,0.44084027,0.427338,-0.172756078,0
0.426887337,0.430404518,0.448755846,0.461164831,-0.310845,1
0.462219306,0.438978075,0.477133289,0.447122826,-0.536372208,0
0.446887637,0.459591477,0.489676777,0.485688649,-0.680988455,1
0.486755647,0.461386898,0.45696991,0.429886623,-0.466633776,0
0.428664724,0.400150471,0.442030684,0.416036356,-0.724537057,0
0.417588018,0.386014155,0.403850186,0.416039652,-0.613535763,1
0.416724883,0.393448295,0.383454895,0.364329324,-0.615182149,0
0.367987976,0.350920237,0.378120026,0.352913326,-0.487552907,0
0.352066231,0.339082863,0.391228606,0.35885806,-0.733207036,1
0.359340161,0.363132949,0.38957983,0.373093522,-0.738579149,1
0.373691282,0.338095647,0.363658353,0.332424458,-0.64704225,0
0.333981208,0.301825588,0.306372031,0.282092551,-0.504398904,0
0.281997522,0.388192872,0.314373227,0.396262421,-0.251710694,1
0.398177793,0.374804018,0.420887103,0.399466221,-0.700013031,1
0.399491969,0.425820317,0.437681037,0.469347796,-0.545383502,1
0.47034735,0.473906247,0.513409332,0.508133157,-0.590262015,1
0.508337741,0.518229585,0.539400485,0.563398087,-0.632295487,1
0.56547704,0.776405658,0.616031185,0.659441708,0.897921578,1
0.656379831,0.709859351,0.669613406,0.760846823,0.080099145,1
0.766047643,0.783547404,0.793036656,0.788339425,0.259497432,1
0.788411685,0.76063129,0.815621606,0.780193432,-0.330064013,0
0.781296836,0.852329678,0.752291246,0.907058986,-0.025016006,1
0.90499102,0.85211883,0.911375992,0.874506396,-0.393289181,0
0.865815894,0.867679977,0.827214564,0.788741387,-0.347588976,0
0.785269003,0.755522902,0.785722192,0.74876963,-0.402430503,0
0.747654766,0.725306138,0.729697438,0.689440229,-0.374886885,0
0.692794299,0.737336906,0.71622512,0.777747126,-0.413616419,1
0.777693807,0.802332851,0.71198235,0.831127351,0.078743844,1
0.830995248,0.910344318,0.845102958,0.942198462,0.239725407,1
0.943033101,0.982682105,0.998339116,1.033747277,0.33088651,1
1.034632357,1.013205646,1.036771604,0.995484681,0.143235575,0
0.995088524,1.077381518,1.01292789,1.134908206,0.269516157,1
1.130251461,1.088875671,1.119326475,1.095460647,0.007153062,0
1.096089477,1.090222864,1.155082745,1.090554565,0.042638324,0
1.089524039,1.062865117,1.07501056,1.038307141,0.019237516,0
1.038809425,1.146777626,1.100504969,1.207194816,-0.087924452,1
1.207875464,1.160529947,1.194028657,1.170344173,-0.114975636,0
1.170120903,1.122291601,1.161427782,1.168077424,-0.126027109,0
1.166440695,1.155556167,1.172868986,1.116755874,-0.032621126,0
1.112987046,1.124443927,1.125999378,1.064776139,0.014180255,0
1.064192578,1.069659172,1.116231605,1.06986536,-0.050607505,1
1.066573501,1.143530286,1.100222275,1.192827086,0.221748321,1
1.1928989,1.269462444,1.262900851,1.334987103,0.093494804,1
1.333996247,1.289132475,1.356679923,1.312117562,0.397530968,0
1.309837922,1.27614926,1.35104317,1.334148501,-0.388706865,1
1.332196379,1.318308264,1.379038275,1.327007483,0.060036472,0
1.327539632,1.27710827,1.302827851,1.22836967,0.114013288,0
1.229244208,1.236736029,1.273350337,1.287934515,-0.030005597,1
1.28986182,1.244031931,1.230975489,1.19198963,-0.021192545,0
1.189213537,1.231215998,1.237832771,1.2930117,0.065249139,1
1.293446664,1.240082788,1.339790035,1.284682423,-0.238617813,0
1.284853976,1.258812242,1.308306355,1.281383901,-0.375278625,0
1.281354472,1.22279548,1.256122398,1.187305379,-0.070255443,0
1.185450853,1.17956129,1.244803425,1.194466173,0.078086854,1
1.19067176,1.228536692,1.238869659,1.280551891,0.300991074,1
1.278169693,1.286519914,1.346184083,1.293813617,0.310345384,1
1.291415119,1.309870431,1.318795109,1.325310216,0.493902439,1
1.324129762,1.287936645,1.377799146,1.321037242,0.20279144,0
1.320350755,1.355621672,1.377244092,1.418193314,-0.159277635,1
1.418612387,1.40297424,1.464025642,1.468553309,0.278209239,1
1.469534479,1.408787224,1.050801928,1.170623325,1.631441608,0
1.171299623,1.135505492,1.125578807,1.134517851,0.80613326,0
1.11747569,1.118702715,1.183770192,1.137689408,0.267515497,1
1.137784561,1.110427137,1.099340684,1.058556695,0.292693918,0
1.057691861,1.055871104,1.12539989,1.075225853,0.055750943,1
1.075367367,1.075878772,1.12370476,1.120257311,-0.281301807,1
1.119768124,1.088554791,1.05868547,1.06212835,0.384499097,0
1.061846162,1.125552904,1.120728725,1.18037043,0.270811695,1
1.180446161,1.181696581,1.235569153,1.230952256,-0.149754564,1
1.229772284,1.18833676,1.256556699,1.218829493,-0.079152164,0
1.217926088,1.174189272,1.253585978,1.20203423,-0.227836499,0
1.20212104,1.219064167,1.266873917,1.25601059,-0.235626457,1
1.255226457,1.194952642,1.260672072,1.203783659,-0.316815103,0
1.203612196,1.145379605,1.033963708,0.97895295,0.562729444,0
0.987935301,0.958911428,0.877916407,0.864235236,0.810417627,0
0.863426953,0.980532432,0.925248363,1.026062715,0.272082797,1
1.025204026,1.021709526,1.0692098,1.078749215,0.057205048,1
1.078571333,1.030836037,0.938341738,0.974878735,0.503882364,0
